sequence,id
GGTCCGGCGCGCGC,1
CCCCCTCACCTCGT,1
GTCAGAATTTCTCC,0
CTGCAGTGTGGGCG,1
TGGCAACCTCAGAG,1
ATAAGATTTATCAC,0
ACTAATAACTATCT,0
ATGGACACAGGAAG,0
GTGACTGGCGTGAA,1
GGAAAGTACCCTCC,0
GGGATTACAGGCAT,0
TGGTATATAGTTTC,0
AGGCGGCCGCGGGG,1
CTGAACTGATTCGC,0
TTGCCTGGCGCCTC,1
CTTTTCTCCCCAGG,0
TGCCTGCAGCTTTC,0
AAAACTCTCAATAA,0
AGAAAATACCGGCC,0
GGGACCCCGTCGCA,1
TCCTATTGAAGAGA,0
ACAACGATGACGAT,0
GCTTGTTCTTCTTG,0
GATAAGAAAATGAG,0
CATGGTCTCCCCAG,0
GCGCGATGGGGCTC,1
TGGCGGGGCCGCGG,1
TCCCAAAGCGCCTT,0
GTAGCGGCGCATGC,1
GCGTCTACATCCAC,1
AAACTATAAAAATA,0
AATTATAAAATATA,0
GGGCTCCCACCTGC,1
AGGGGGCGGTGCCG,1
GGGGGTGTGGCGCG,1
TGGGATATAACACA,0
GTGGGCGGGGTTTC,1
GGAGCTGGGGGGCG,1
ATCAATATATTTAT,0
TGACTGAATTAAGG,0
GGGCACTGCTCTCA,0
TGTGCTGCAGTATA,0
AGGGATGCAGAGTT,0
GCTTGGGGAGCCCG,0
CGGAGCGCGAGTCG,1
GGCCTAGGATCTGG,1
CGGGATACGTGCTG,1
GGCGGAGCCGAGGG,1
CAGCCTTCAGGGGA,1
GAAAAAATATGTAG,0
GCCTACCGGCCCCG,1
GCTGGGAGGCGGGC,1
TGCCGCAGCAGGAG,0
GCGTAGGGAGGCGG,1
GCCTACCCGCCTCG,1
ATATCACAAACAAA,0
GGCCTCTCTTGTGA,1
CACAGGTTCATGAA,0
GGTCTGGGTGCGGC,1
GGCGGGCGGGGCCA,1
AAAACCATAAAAAG,0
CTCTGTGCTTCTCC,0
TGGATGGGCGGGGC,1
ATAAAATTGGAGAC,0
AAGGGGCGTGGCGG,1
CTGCAAAATTAAGC,0
GCCTAACTCTGCTG,0
CATTTTTAGATCAT,0
CTCCTGGCCCCAAG,0
AATGCTATCCTTCC,0
TTCGATTGCCCCCG,1
TACTAAAAATACAA,0
CGCCTGCGCACTTG,1
TTACTCTAAACCTG,0
CGAGGGAGGGGTGG,1
GGCCAAGTAGGAGG,0
CAGAACTGTGAGGG,0
GCCTCAGCCTCCCG,0
GTTGCCGGGGGAGA,1
AGCGGGGAGTGGGC,1
AGGGGTGGGGCGGG,1
TAGTTCATTATTTC,0
GGCTGCCATGAAAG,0
ACCGCGGTGGGGAG,1
GATTAGAAAGACTA,0
GGAACTTTCGTGTA,0
TGTAAAGATTAACG,0
GGGGCACAACCCTC,1
TATCTCAGTACAGT,0
GCTGGAAGCCACCT,0
TGGATGGGCGGGGC,1
CGCCTGGCTAATTT,0
GCTTTGCGTGGGGG,1
CATCTTCACACTTA,0
CTTAGTCTCTCATA,0
CGAAGGAGCGGAGG,1
AAATTAGCCGGGCG,0
CGGGGGAGGGGGCC,1
TGCCGAGTCTCGAT,1
ATTTATTTTTTCTT,0
ACCTTCTATGTTTT,0
GCAGGAGGGGGAGG,0
GCGGAACCGCTGCT,1
TGGGGAGTTTAATG,0
CGGACCTGGAGGCG,1
GGTAAGTAAGAGCC,0
TAGAACAAATGTCC,0
GATGAAATTTAGAG,0
CCGGTCCCACACAG,0
ACTCCTGGGCACCC,1
AGCCCTCCACAAGT,0
GGCGGAGCCGAGGG,1
TCTGATTTCTTTAT,0
CATGATTGGGTTCA,0
CCAGCTTTTGCCCA,0
CGGTAGCAAGCCGC,1
AAAGGCATTAATTA,0
TTTGCTGAAGTTGC,0
TAGTAACTGTTGAA,0
TGCGGGCGGGGCGG,1
TAAGCATGGCATCC,0
GTGATGGTTGGTTC,1
CATCGTGAGCAAAC,0
GTGAAAACAATTGA,0
AAAATACCATTTCC,0
CCAAGTCTTTCAGG,0
TTCTGTTTTATTTA,0
CCGCGGCGGGGCAG,1
AGCAGCCCAAGGGC,1
GCGGGGAAGGACCC,1
AGCATTCTCATTTC,0
CTAGATATCAATTC,0
GAGAGTGAGCCACA,1
TCCTGTCCATTCCC,0
AAGGGGCAGTGCCG,1
AAGGCAGGTGGGGA,1
ATCCATCCCTTAAA,0
GCCCTGACGGCAGG,1
AGAGTTGATCTCAT,0
CCCCTCCCCGGACG,1
AGGGCTGGGACACC,1
TCGTTCCAGAGAAG,0
ACCCCACAAGGAGG,1
TTTATAATCATTTA,0
ATCCGGCCCATTGG,1
AGGCCGCGGCGACA,1
ATCAGAGGGCCTAG,1
TGGCCAATGCGGAG,1
GCCCATCAAAAAGC,0
ATAAATTTATGTTG,0
GGGGCAGCTGAGTT,1
CCCTGGCTTCCAGG,1
CCGCCCCCGCCCGC,1
GCCACACCATTGGC,1
GGGTTCAAGCGATT,0
CCTGGGTGAGAGGA,1
ATTGCATGGGACAT,0
TTTCATTAAATTTC,0
TTGTCAAACTTTCT,0
GGGCGGGGGCGGGG,1
GTGGTGCAATCAAG,0
CAAGCACTGGCTGA,0
AGATTCTAGAACAG,0
CCGCTTCCCTGGTG,1
GAAGAGGGCATCAG,0
GGGGCGGGGCCGGC,1
TAGAGAAAGGGTTT,0
CGGGGCGAAAGTCG,1
TTCCATTGATATGT,0
TGCTGGCGCATGCC,0
TCAGAGCTCGCGCT,0
CACCACACATTTTA,0
TTATATAGCTGAAT,0
CCACGCCGATTGGC,1
AGGTAGGCTTGAAT,0
GCCGGAAGCGTGGG,1
TATAGAGTTATGTG,0
AAACACCCACCGCC,0
CGTGGCATCGGGGC,1
CCTCTGCCCTCCCC,1
CTAACAGGCACAGC,0
GTAAGATTTTGAAC,0
AGCCTCAAGCTGTC,1
ATAGCGTTGCCTCT,0
AGACGGGCCGCGCC,1
TTAGCGCTGGAGAC,0
ATAATTGTCAGATG,0
GCAAGTCCCTTCTG,0
GAATTTAATGATAC,0
GAAGTTGAGGCTCA,0
TTCCGGGGAAAGTC,1
AATCATAGCCACTA,0
ATCACGGCCGCGAG,1
CCCCGTGCGGGAGC,1
CGGGCCCCGGGGCC,1
GGGAAGCAGGTCCG,1
GACTTTAAAGCGTT,1
TCAGACCACAGTGG,0
CGGCCCACGCGGCG,1
AGCGATTCTCCTGC,0
CTGAGCGCAGGCCG,1
GTATTTCCAACATG,0
GCGAGCGAGCGCCC,1
GTCAGCAGTCATGA,0
CCGGCCTGGCTTGT,1
GAAGAAATTAGAAC,0
CTCTTCTCTCTATC,0
ACCAGCCTGGCCAA,0
GCGAGGACTCGCGT,1
TACATTTTTATGAA,0
CGGGGGCGGGCCCG,1
TTCATATGTTAAGA,0
TTAGCCAGGATGGT,0
CAATGCAGTTCATA,0
CTGATTTTGATGAA,0
CTTGTACCTATTTC,0
TGCCCACGTGGCGC,1
GTTCTAAGTGCTTT,0
GGGCCAGGGCCCGG,1
CAGCTCGGGGCGGT,1
TTAACCTTGACCAC,0
AAATCAAATAAATA,0
CAGAGGCGGGGCCG,1
ATGGAGCTAAAATC,0
CTCTGAGTGTTTAC,0
CTACAGGGGCAGAG,0
AGCACCTCACCAAA,0
GCAACTCTGCCGAG,1
CGAAAGATTCGAAA,1
GGCATCATACTCAG,0
GGGAGGGGGCGATA,1
CCAAATTGTGACGT,1
CATTCACTAGTTGT,0
AATTTGGGGTGACT,0
TTTTTCTGAATTTG,1
GTCACAGAAGGCGG,1
AAAACAGAAGACAA,0
ATAGGGGAGGTGGG,1
GGCGCGGCCCGTCT,1
GGAAGCGGAACCGG,1
CAGGACGGGGCCGA,1
GGGCGGGGACACAA,1
TTCGGAGTTCCTGG,1
TTAACTATGTGACC,0
GGGCCTAGGGCCCG,1
GCCAGTGGGCACGG,1
ATCTAATTAAATCT,0
ACATTATTACCATA,0
TGGAGACCATCCTG,0
AATGAGAAAATAAC,0
GAGGGCCCCTTCCC,1
CCGCTTCCCTGGTG,1
AATACTAGGTCTTA,0
TCCCGGGCCGTCCG,1
CGTGGTCCCGCCGT,1
CCCGCCCGCTCGCT,1
AGACGGACGTAGCG,1
AGAGAGCTTGGAAG,0
AGGGGGATAACCCG,0
CTTCTAAAACCAAA,0
ATGGCTTCAGAACC,1
TCATTCAGTGAAGG,0
GCCTGATGCAAAAC,1
CGGGGCCGAGCCCA,1
CCGCTCGTCGGCTG,1
GCCAGCGAGGCTGC,1
GGCCGCCGCGCAGG,1
GCGGGGAGCGGGGA,1
CCCATCATTGCCAC,0
CCTGCATATAAACA,0
GTCGTGGGCCGTGG,1
TGGACTAAAGGACT,0
GAATGAACAAATAT,0
GGTTCGGTCCGACA,1
CGCCTCCGCTGAAC,1
CCCCGACTTGGACG,1
TTGAAATGATATCT,0
GTTTCTTCCCTCCT,1
TGATTTGTCAGTTG,0
AATATACAATCTTC,0
TTGCAATTGTATTT,0
GGCTCGGGGTGGGG,1
TTTTAATTTGCACT,0
AGGTTTCGAGCCCG,1
CAAAACTCCGGAGG,1
CTGAGCCCGCAGCC,1
GGGGTGGGGCGGGG,1
AAAGGTTTTAAAAA,0
AGGGGGCGGTGCCG,1
CGGTTCGGGGGCGG,1
ACTGATTGATCATT,0
CTAGGGGGTCTTGA,0
CTATCTATCTAGAT,0
AATGGATTCTGCCT,0
GGGAGCTTTGGAAT,0
CGCGCGGCCGCGCG,1
AGCGCGGGGGGGGG,1
GCGCGGCCGGAGGT,1
ATATCCAAGACTGC,0
TTTTGGTGATGAGG,0
GGCACTAAATCTCT,0
ATGGCAGGGCGACC,0
ATACTGTGGCATTC,0
TCGGACCCCAGCCC,1
CTCGCCGAGCCCCG,1
AAGGTTTTGGAAGT,0
GCGCCGTCCGGCTC,0
CGGGGCCTGGGCGC,1
AGATATAGAAACCC,0
CTGAAGAAAGCCGA,1
TGTGAGTTGGATTA,0
GGCTTCCGGTTTCC,1
TAAGTTTTTGGGGG,0
CTAGGCCGGAGCGT,1
CCATTACTGGGTAT,0
CGCAGCAGCCAACC,1
TCTTTATTATTCAT,0
CCTTTGGATTGAGA,0
GCTGTCCGGCCCCG,1
ATACCCAGAGGCGG,1
TGGCTAGAGATATT,0
GCCGCCCGTCCGCA,1
GCCGGGCTCGCAGG,1
ATGTAGACATATTT,0
GCTTTCACATGCCA,0
GCAAGTGTAAACAT,0
AGGCTGGAGTGCAG,0
CAGCAGCCGCGGCG,1
CAAGGTCACCACCC,0
TACTAGAAATACAA,0
CAGAAAACCCTTTG,0
GGGCGGTGCCGGCG,1
ACCTCTGATCATTC,1
CTCGCAGGCGCAGG,1
ACCCAGGTGCCTTC,0
GGCGGGGCCAACAG,1
ATTGGATCTATAAA,0
TATTCAATTAGGAA,0
CCTTCCTTCTCCAT,0
ATCACAACTTCTAA,0
CCTGCCCACCGCCC,1
AGGGGGCGGGGAGG,1
GGATTTCAGTGTAG,0
GCGGGCGGAACGGA,1
ATAAAACTTAGTGA,0
AGGAGGCGGAGGGA,1
CGTGGCTGGAGACA,0
AGACTTTTAAGGTC,0
CCCCCGTTGCGGGC,1
CGGGGGCGGGGCCT,1
GCGGCGGGCCCGGG,1
ATCCGTTTCCGGGT,1
GGCCTCTGCGAGCT,1
TATAATATTAGCAA,0
AAAAAATACCCTCT,0
CCTCCATTAAAACT,0
GGTGGGGCCGGCGG,1
GGGGAGGGCAGAGG,1
CGGGGCGAGGCGCA,1
CAGCGCCCGGGCAT,1
GACTACATTTCCCA,1
GGGGCCAACAGTGG,1
TGTCAGTGAGCGGC,1
CGCCTTCCTCATGA,1
GCGGGGCAGGAAGA,1
GCGGGGCGGGGCCG,1
GTGGGCGACGCACG,1
CATACACACACACA,0
CAATAGCTAGCTTC,0
CCGAGGCCGTGCCT,1
GAGCTGGTCCCGTT,1
CTGGGCTGGGCCAC,1
TAATTTTTGTAGAG,0
GGAAAGGAAATGTT,0
TTGGAGGGACGCCA,1
GCTGTACTCTTAAA,0
CTTACAGCTTATAC,0
CATGCGCTTACTCC,0
TGGGCCTGGCCGGG,1
CGGGGCGGAGCCCT,1
GTGGTGGCATGTGC,0
GTCTTTGTCTGCGC,1
GACCCGAACGGGGG,1
GCGATTGGCGCTGG,1
CGCAGAGAGGGCGG,1
TAGTCCTAATAATT,0
GGGCTGGCCGGCCG,1
GTCTGACCCTTAGT,0
TGGAAAGGGCTGGG,1
ACACCAGGTAGGCG,1
CGCACTGACCTCCC,1
CATTTCTCGGGCTG,1
GGACCCGCGCCCGC,1
GGACGCCGCGGCGG,1
GCGGAGGCGGAAGC,1
CTGGGGTTGGGAGG,1
GTGTGAGACCCCAG,0
TCGCGTGTCGGAGG,1
CAACGCGAGGGTGG,1
GGATTACAGGCGTG,0
ACTTGTTTGACTTC,0
GGCGGCCGAGCCGG,1
CGGACCCGGCGCGG,1
AGGGGGCGGGGAGG,1
ACTTGAGAAATCAA,0
GAGGGTAGAGGGTT,0
GGGGGCGGGCCAGG,1
ATGCACAAAGGGCC,0
CTGTCTTGCTGGCC,0
AATGTGCTGATGGA,0
ATCACATTTCAGCA,1
CTGTAGCATCAACC,0
CACTAGCTCCTTTC,0
GGTGATGTAAGGCC,1
AAAACAGAGAGCAG,0
AACAGGGGTAGGCA,0
TACACGATTGGAGG,1
TGCGGAGTTGGCGG,1
GCGGCCGAGTTGGT,1
ACCAAGTGGCCGCG,1
CCGGCGCGCGCGGC,1
GAGGGGCGGCGCCC,1
CTCAAATTCCTGGG,0
GAGCCAAGGGCCGC,1
ATTCAAGGCTGATG,0
GAGAGGGGGATGGG,1
GCGGAGGGCGGGGC,1
GCTAAGTTCGTGCT,0
CCAGGGACTGGGGC,1
TGAAAGGAAAGAAA,0
GGCGGACGCGAGGA,1
GGGTCGAGAGCGCT,1
AAACCTACCCCCAG,0
GGGCAGGGCCGAGG,1
TGAGAAATACTTGT,0
TTTGAGACCAGCCT,0
GACCCGAACGGGGG,1
GACTATGCAGTCAA,0
CCAGATGCCTGTCC,0
AGAGTGGAGGGAGC,1
AAATAAATTGCATT,0
GTGGCCCTGCGCGC,1
TTTGGTCTCTCAAT,0
CCAGTTGAGGGCCG,1
TATTCTGCTGTTTT,0
CCGGGCAGCCAGGC,1
ATAAGACCATACAA,0
GCCTGCGAGGCGGG,1
GGCGGCGGTTTTTT,1
CAGCTACTCGGGAG,0
TACATTTTTACCAT,0
CCAGCTAATTTTTG,0
GGAGAGCGGGCGGC,1
AGGGGAGTCTGCTC,0
TGTAAGTGTTCCTG,0
GCGGCGGGCGAGGG,1
GGACAAGGTCGTCA,1
GCGCAGGCCGCCGA,0
TATTAATTGGTCAT,0
TGCACGCCTGCAGG,0
GGGGGAGGGGAGGA,1
TCTTGGCCAGCGCT,1
CGGGGGCGGGGCCG,1
AGGGGAGTCACGTG,1
ATAATGTGAAGACC,0
GGAAAGAAGAGTCC,0
CTGGCCCAGCGCTG,1
CCCCGTGCGGGAGC,1
CCTGCCCACCGCCC,1
GTGTATATATACAG,0
GGACGCTAGGCTTC,1
TTCCTCTTGCCTTC,0
CATCAAAGACTACA,0
GCCTTAGCTTGCTC,0
ACAGGTGCCTCCAG,0
TTCATTCATACATT,0
AGAGAGTGAATGAT,0
GGGGCTGCGGCCGG,1
TTGGCCGGGCAAAG,0
GGTCACCCTAGAAG,1
GCGGGAGGGGCTTG,1
TCGCTCTCAGGGGG,1
TGTGGGCCACTCCG,1
ACACTAAATTGAAA,0
TCCTCCCGTCTGCC,1
TTCTCTCTCCTCAG,0
TGCCTGGTGCCTGG,1
CCATAGGGTCTGCA,0
TTTTGTAATAATAT,0
ATAAGACACCGAAA,0
CTTGGTCTGGGAGC,0
CCTGTGCTCGGTGG,1
ATGACGGAGGGGAA,1
CGGCGAGGGGCGGG,1
CCCCACCTCCTCTA,0
GGCGGCGGCCAGGG,1
GTGTTTTTCAGCTC,0
GCGGGCGGGGGGCT,1
GGAGAGATGTCGGG,1
GCACCCCCGTCCGT,1
CCTCAGGCCATATG,0
GTTTGGAACTCGCA,1
GGAGTTATTCCTTA,0
GCGGAAGGACACAC,1
GTGGGTGACCGTAT,0
GATTGAAGGAGACC,1
GGGCTGAGATTGGA,1
TCTCCACCATTCTG,0
CCAGCGGCAGCCCC,1
GGGATTCGCTGAGG,1
GGCGGGGCCAACAG,1
GCGCAGCCTTATCC,1
CCGGACTGATTCTC,1
TTTATAATGTGTAA,0
AGGGCAAGGTCCCG,1
ATTGGCTGCGGGAG,1
GAGAAACCAAGAAT,0
GGGAGGCGTGGCGC,1
TCCTTTAAGCGGAC,1
AGGAGTCTGAGAGG,1
ACCGCGAGCGGAGG,1
GGCGGCGGGGCGGG,1
TGTGTGGTTTAAAT,0
CTGCATTGTGGGGG,1
CAGCATCCAGTGAA,0
GCTTTTTGAGGCCT,0
CGCAGAAGGTTGCG,0
CATTTGTAATTGCT,0
GGGTCGCGCACGCG,1
GTCTCAGCACTTTG,0
TAGCACAGAGTAGA,0
TCGATGCCTGACGC,1
AGGTGGCGGCGGCC,1
AATGATGGTTTCCA,0
AAGTGGGAAGTGGA,1
TCTTCTTAATTCAA,0
GGCCTTCCCTGCAG,1
TTCACCCTGGCATT,0
CCATTAACAATAGA,0
ATGCTTCTATATCA,0
GCACTTAAAGGGCC,1
GGCTTCTGCGGGAT,1
ATCAGTCCCGGGGG,1
GGGTAAATAAGCCA,0
CTGAGCGCAGGCCG,1
ACTCGTGCGGTCCG,1
CCCGGACTGCCGGG,1
CCCGGCGCGGGCTT,1
TCCCTCCGGGGGCT,1
GGAGGATGGCTTGA,0
GAGGAGCCGAGCTC,1
CCTCCTGGACCTTG,1
CGCAATCGCTGGAA,1
TCCCGCCCGCTGCC,0
AGATTTCTGCACGA,0
TGGATATTCTCAAA,0
GTGGGCTGGCGGCG,1
ACTTAAAACAATGT,0
AGGCGGGGCGGAGA,1
ATGCAGACTGGGCA,0
TTCCAGTCCCTATT,0
CCAAATTGTGACGT,1
GCAGGGGTAGTCCT,1
CCCCCTGAGAGCGA,1
TCTTTCTTATTTCT,0
AGCCCATTGGCCCG,1
ATTTGAGTGTAGTG,0
GAGGGAGGGATTTA,1
TGGCCAACATACAG,0
CGAGCCCGGAGCGC,1
TGTGTGTGTGTGTG,0
GAGGGAGAGAAAGA,1
TACCACAAACTTAG,0
GCTGCTGAATTAGG,0
GGCCGTGGCGGTAG,1
CTCGCGGGAGCCCC,1
CCCGGGACCGGGCG,1
CGCTCCCCGGCGGC,1
CCAACTTTGCCAGG,0
AGAGAACTTCACAG,0
GGGTTGGGGGCGGG,1
ATCGCTTCCGGGGG,1
TACACAGTATTATT,0
GGCCGCCGCGCAGG,1
GGCCGCGCCCACCA,1
TCTGAGCTTGGTGC,0
GAGGGGGCCGGGCG,1
ACGGCGATGGACTC,1
AATAAATACTCTTG,0
CCTCGCGGGGGCGG,1
GCGGGAGGGGCTTG,1
TAATATGTTCATAT,0
GAGGGCTTACAAGG,1
TCCCACAACCCCCA,0
TCAGGAATCTCCAT,0
CCATTTTACACATG,0
TTGCTAGGGCCGAG,1
GGTGGAGGAGCGTG,1
ACCACCCAGAAAGC,0
GGGCAGGCAGGGGC,1
GGCTCTCGGCGCGC,1
GCCATCGCCAACTT,1
GGGCTTGAGGGCCC,1
AGGGGGCGGTGGGG,1
GGACAGCGGTGGCG,1
CATGATATTGGCTA,0
GCAGGCGCTGCGGC,1
GAGTGTGTGTGAGC,1
ATTTTATTTCCCTT,0
TAAGAAAACCACCA,0
GGAGCTGGGCGGAG,1
GAGAAAAAAATTCC,0
GAACAGATGTTGCA,0
GGGGTCGTGTTTAA,1
TTAGTGACCAGAAT,0
GTCGAGGCAGGCGA,1
TTTTGGAGAGTAAT,0
CACAGAAAAGACTG,0
AGAGTTGCGGGCTC,1
TAGTAAAGACGGGG,0
TTGGCTATGGGCCC,1
TTTTAATGTAGTAA,0
TTGGATTTATATGT,0
GCAGCCACCAAGGG,1
ACAAGATGATTAAT,0
AGAAGTATTTGGCA,0
TATTATATCATTGT,0
TGGGAGGCCGAGAT,0
AGAATCTACAATAA,0
GATTTTGATTGCCT,0
GTTTCCATTTGAAA,0
ATGAGGACTGCGGG,1
TAGTTTACTAGTTT,0
CCGGCCTGGCTGCC,1
CAGACGAGACTGAG,0
TCCTGGACCTGGTA,0
CGAGGGCTGGGCCG,1
GAGAAGAGCCATTG,0
GGTGGGGTCGAGCG,1
AGGCATGATATGGA,0
GGTGATTTCTGCAT,0
TTCAGAATTACCAC,0
AGACCTCTGCGTCA,1
GCGCGGGGCGGCAT,1
CCGTGTTGATGGAA,0
TTTTTCTCTCATTT,0
CTTGGCCTCCCAAA,0
TCATGTGATCTTCA,1
TCATGCCGGTAATC,0
GGGCGGGGGCGCCG,1
GAGGGGGTGGGGGA,1
CCCGACCTGCCCCA,1
GCAACGGGCGGGGC,1
AAAGCTCCTTATAT,0
TTGCAAATGTGAAA,0
CAGTCATGATTCAT,0
GCGGGGCGGGGCGC,1
TGGTAAACCACACG,0
CTGAGCACCATCCT,0
CGCCACCGCCACGA,1
CCCGGGAGTGAGAG,1
ATATTGTTCTTCAA,0
CCGGGACGCAGCGC,1
GGGGATGGGGTGAG,1
ACCCTTTAGTGGAA,0
TAAGAGGCACCGCA,1
GGTTGCATATTTTA,1
TAACTTCAAAGTCA,0
CGGGCTCCGTGGCA,1
CAGGACGGGGCCGA,1
GTCCCAGCTACTTG,0
ACCCTGCTGGCTGC,1
CAAAGACGGTCACG,1
CCATCTTCGTTTCT,0
CTCTAGCCGCGAGA,1
CCCGGGAAGGCAAC,1
GTAGGCTTTGCAGT,0
CATTCTTGTCTCCA,0
CCGACCTCAGGCGA,0
GGCAAGAAGACAGC,0
TGGAGGCGTGCGAG,1
GCGAAACCGAGGGG,1
GAGGGGCGGGAGGG,1
CATTGGTCTTGCTA,0
GGGGAAGGCGGAGG,1
CAGTTGGGTTTGCA,1
AAGTCTTTGTGTGA,0
CACCATGTTGGCCA,0
AACCTGGCAGTTCC,0
CAACATGTTAACAT,0
CTCACCTCCTCTGG,1
TTAACCAACTCATA,0
ACTCCTCACACCAA,0
GGCCGGCGGGAGGC,1
GTCATCGCTGTTGA,0
CCTCTTTACGCAGG,1
GGAGCGAAGACTGA,1
GAGTCTAAACAATA,0
GTGGCGCGGAGGAG,1
AGTGCAGTGGTGCG,0
GGGAGGGGAGGGGC,1
GTTAGGGGTCCGGA,1
CGGTCTTGGAGCTG,0
GATGAAGACGAGGA,1
GTTCTGATTCTGCT,0
TCCACTTCCCACTT,1
AAATGGTGCTGGGA,0
CGGGGCGGTGTCGC,1
GGGATTCGGGGGCG,1
ATTACTTTGTAATT,0
CAAGTGACTGGCCC,1
GAGAATTGCTTGAA,0
CACGGCTGCTGCTT,0
CAGTGCTTATGGTA,0
GGAGCGGCTGGGAA,1
CTAGGAAAATCTAT,0
CCCTGACTTCTACC,0
GTGGGAGGTGCGTC,1
GAGTCTGGGTCATA,0
TGGTAAGAAGCAGA,0
TTATTGATATCCAA,0
CTGAAAGACAACAG,0
TATCTCATTATGGT,0
GTAAAAGTGCTTTC,0
CATCTGGTGGTTCC,0
GTGAGGAGCAGCAG,1
CGGAGGGCGTGGCT,1
GGGAAGAACCCAGT,0
GTGGGCTGGCGGCG,1
GGGCCAGCAGCAGC,0
GCGGGGCGGGGCGC,1
CAGAGTGCGAGGGG,1
CTCCCGCAGCCAAT,1
TTATAGAATCCAAA,0
TTGATCTTTAATCT,0
GGCAGGGAGAGGGC,1
TTAATATTTTTGGA,0
TAATTACAGTATTG,0
GAAAGTGCCTGCTT,0
TAAACGGAATCTTA,0
TATTCTTATCTATT,0
TAATCCCAGCATTT,0
CGGGCTTAGAACGC,1
GGGGGCGGGGCCGG,1
AAACTTTTGAGGGA,0
TGACCTCTTCAAGG,0
CAGGCGCTCACTTT,1
CAGGCGCAGGGGGC,1
CAAACAGGTCTATA,0
GGGGGAGGGGAGGA,1
GGATCTGCAGAATA,0
AATGAGGCATGAAC,0
TTTGAGATCCTCGG,0
AAGTTCAAGACAAG,0
CGTGGAGGGGCGGG,1
TTTGGATTACAAAA,0
TGGGGCGGGGCTGA,1
ACAAATGTATAAAT,0
GCGGCGGGGCCCGC,1
GTGAGAACATATGA,0
CGTGGCGAAGAGGG,1
TTAAATGGGCTCAA,0
CGGCCCACGCGGCG,1
AGTCTTCAGCACTG,1
TAGTCAGCAGGTGA,0
TTTAGGTTTTCTAG,0
TGGGGGCGTAGCGC,1
ATCACTAGGTCAGG,0
AGAAGTAAGAGAAT,1
AAAAAGTAAGTTAT,0
CAAAGACGGTCACG,1
CCCGCGGGCTGGCG,1
GCAGGTTCCTCATC,0
GAGCCCCGCGCGGA,1
CGCGCCCACCACGG,1
GCCGGAGGAGGTGG,1
AAAAAAAAATTTTT,0
GAGAAGCGGACACC,1
GTTGGCAGCGTAGG,1
TGGTCACCCGATGC,1
CGGCGGGGCGGGGC,1
ATTGTTATCCCATA,0
TTAGCCGGGCGTGG,0
GTCTGAAACATTTA,0
AGTGGATAAACCTG,0
GCCTGCTATTGGCT,1
GTGTTGGGGTGGGA,1
GGCCTCTCCGGCGG,1
TGATAATGTCTAGA,0
TGGGCTGCGGCACC,1
GGCACAGCCCAAAA,1
GGCTGGCTCAGAGT,1
CATTCGAATGGGGC,0
TATCCACTGTAAAA,1
CTGTAAAGACTTTA,0
GCTCACCTAGACCT,1
CCACCCGCCCCTCA,1
TAAATTTACCTCAT,0
CTGGGGTTGGGAGG,1
GCGGCGGGCGAGGG,1
CAGCTTCTGAGATC,1
TTCCTCCCCTTTTT,0
TGGAGAACAAAGTG,0
AACTTTTTCTTTTT,0
GAGAAGGGAAAATG,1
GCACATGCCCTGCA,0
TAAGCTTTTTGGAG,0
GGGCGGGTCCTGGG,1
ATCTATCTCTCCGA,0
CAATGTAATGTGGT,0
GCATGATGCTTTTT,0
TGCCCTCAAAGCTG,1
GGGGCGGCGGGCGG,1
CCCCGCGGGGGAGG,1
GCCGAGAGGGGAAG,1
CTACCACCATGAAT,0
CGGCGGCCACGGAG,1
GGGGGAGGGGAGGA,1
CGGGGGCGGGGCCG,1
AGAATCACTTGAAC,0
CAAGTGAATACTGC,0
TGTCTTTAGGATAT,0
TCAGCAGCTACTGA,0
CCCGGCGCGGGCTT,1
AGGGGGTAGGGGGG,1
CTTATGTACAATGA,0
TGGCACATAGGGAT,0
GGACGGGCGGCGGG,1
TGCGGTTCCCGCGG,1
AAGCAAACCAAAAA,0
GGGAGAGCGGCGCG,1
TCCAGCGCTCACGC,1
TCTGGCAAGCACCT,0
TACTGCAGGGGGCG,1
GCGGGCGACGGGAT,1
GGGCGGCTCCCGCC,1
CCCGGCAGCTCGCC,1
AGTTTGTGTTAGTC,0
GAGGGGGCGGAGCG,1
TTAGCAGATTCCAA,0
AGAGGAGGGTGAGG,1
ATAGTGTTTTGTTG,1
TAGAACAATACTTG,0
TCTGTAAATGGCCT,0
GGCCGTCGCGGCTG,1
GGTGTGAGAAAATT,0
GGGGGCGGTGGCGG,1
AAAGCTAGTAGCTG,1
GTGATGATGATCAT,0
CTTCGCGCGCCTTT,1
GGGGATTAAGTTTC,0
AAGCTAAAATTTTC,0
AAAGCTAGTAGCTG,1
AGGCACCTTTAAAT,1
TCTCAACGCTCTTC,0
CCGGATCAGGCCAC,1
AGGAGGCGGGGCAA,1
TGTTCTTACAATCC,0
GTGGGGCCGGCCGC,1
GGAGCCTGAGCCGG,1
AGGCAGGAGAATCA,0
GGCTCTGGAGGGTG,1
CTTTTTCTCATTCT,0
CATGATAGATTTTT,0
TTAGCGCCTTTTTA,1
CGGAGGGCGGGGAT,1
ACAATACATGATAA,0
GCCGTCGACCCCGG,1
CGGCCCACGCGGCG,1
GCGGGCCGGGGCGG,1
GGGCACTGGGGCCA,1
CTGGGACCCTCTGT,0
GCGGCCACCGGCAG,1
CACGCAGGGGGCGT,1
GTGGGAGGTGCGTC,1
CAGGCGTGTGGCGG,1
GAGGCTATGCAAAG,0
AGGGAGAGAGGACC,0
AGCCTGTTCGCACA,0
AAACTGTTCCAAAC,0
GGCGGAGGCGGGGC,1
TCACAAAGGTGTCA,0
GCCATTTCTAGTCG,1
AACGGGACCAGCTC,1
TGCTCTGGCCCTGT,1
TACATGGGGCACAG,0
GACTACTCCAATGC,0
AGGCGCACACTCGC,1
ATGAGCTCTGGGCG,1
GCATAATGGGGAGG,0
AGGGAGGGGAGGGG,1
TTTCCCCCCCAGGG,1
GGAGGGGGAAGAGG,1
GCCCCGAGCGCCTG,1
ATAGGGGAGGTGGG,1
TGAAATCAGAATTT,0
CGCTCTCGGCGGCG,1
AGGGAGACTGGGTT,1
AGGCGCGGGGAGCC,1
GTGGAGCTGGAGGA,1
CGCCCGCCCCCACC,1
GCCCCGCCCCTGGC,1
GCGGAGGGAGAGCG,1
TGGGAAGCTTCCAG,0
TGAGTCAATCCCAC,0
AAACTATGTCCATG,0
AAAGAGGCGGGGGC,1
TAGGCTGTGCGCAC,1
TTATTACAATCAAA,0
CCAATGTCACCTCC,0
CGGGACGTGGGCGA,1
TCTAGAAGATCCCC,0
TTTTTGTATTTTTA,0
GGGGCGGGGCCGGC,1
AGGGGCGGGGGCAC,1
GGAGGGGGGAAACA,1
GTGGGTATCACCGT,0
CTGACCCCTGGAGG,1
TCCTATAAGAGTCT,0
CCCTAATAAGCCAT,0
CCCACAAATGTATT,0
TAATTGACATTGCT,0
GGGAAGCAGGTCCG,1
ACTCATGATTTGGC,0
CCCCCCAGTGGGAG,1
GAATAGCCCTCAAG,0
CAGGCACCAGCCAC,0
TCTTCTGATTCTGT,0
TGCAGCAGAACGCC,1
CAGCCCCTATTTTT,0
GCGGGGCATTGCCA,1
TGGAAGACTCAGTA,0
TGGGGCGGAGCCAT,1
CCGGGGGCGGGGTG,1
GGGTGGCTGGCGGT,1
TTAGTAACAGAATC,0
TGCAAAAACACCAT,0
TTTTGTAGAGATGG,0
ACACACACACACAC,0
CGCCGAGCAGACCT,1
ATTGTATTTATGAC,0
TTCTATGAATAGAG,0
GAGTGTGCAAATAT,0
TTCGATTGCCCCCG,1
TTACTTGTTAAATA,0
TCTGACAAAGGGCT,0
CTGCAGAATTAGGA,0
CCGCGCTCACTTCC,1
CACGCGCTCGCTCT,1
AGCCTCGACTCCCT,0
GAGAAGGCGAAGGG,1
CGTCCTACTCCGCC,1
CGCCGCGGGGGCTG,1
CGGACCCTTTAAGA,1
ATTGTATATCTAGA,0
CATTTAGAAGCAGC,0
GGGCGGGGGCGGAG,1
ACCAGATAGCTGAT,0
CTTGCCTAAGGGTA,0
TGAAGAGTTAAGTG,0
CGCGGCCTCTATTG,1
GAGAGGGGGCTAAA,1
AATTCACAATTATT,0
TTGGTTCTTATGGA,0
ATTATATCAAGTAA,0
TCGGGACTGGACCT,1
GGGAGTGAAAAGAG,1
AAAATCAGAGTAAC,0
TGTTGCTGCTTAGC,0
AGGGCATTTATCAA,0
GCTGGCGCACCGTC,1
CAAAATAAGTTATT,0
CAGTCTCTGGTTTC,0
AGTGTATTGGTACA,0
CCTGCTGCACTGCT,1
ATGGTATCACAGTG,0
TCACTGTGGAGAAC,0
GGGGTTAAGGGGGC,1
CTCCTGGCCTCAAG,0
GGCCAGGGGGAGGG,1
TGGGAACCTTGTGA,0
CTAGGTTTCTTTCT,0
CTAACACAACAAAA,0
ATCTCATTGTAGAT,0
CAACACCCCTTTGA,0
GGGCGGGGCCTGCC,1
GGACCTCGGGAGAG,1
AACGGGCAGACTGC,0
GGGCCGCGGGTAGG,1
ATCTGCCCGCCTCA,0
CCCCAGCTGCGCCG,1
GCGAGGGTCGGGAA,1
GAGCCGGGGCACCA,1
CCCCCAACTTTTGC,0
TGGCGGGGCGGGGG,1
GGGAGGTGGGCCCA,0
ATTACAGGTGTGAG,0
TTCTTTCACATGAC,0
TCTGGGCCAGAAGA,0
TGGTGAGTCCTGGC,1
GGGAAGGGGCCCTC,1
CACCTTACCCCAGC,0
CTGCATTGTGGGGG,1
ATGGTAGGTGGCCC,0
ACGCCCCCTGCGTG,1
ACAGGCTCCTTGGG,0
GAAAAGATTTAGGG,0
CCTCATTTTAAATA,0
GAGTGTTTGCTGTC,0
CCACCGGAGCGCCG,1
CGGTTCGGGGGCGG,1
AGGGGCGGGCGTAG,1
GCCATCGCCAACTT,1
CCCTTGATGACACT,0
GTCTATTTCCTGGG,0
AGCCCCCGGAGGGA,1
GCCGGGAAAGGGCT,1
AGCTGAGGTGCTTT,0
GGCGGAGGCGGGGC,1
CGAGGCGGGTTCTT,1
TGACAGATGTGATA,0
AAAACACTAGGAAA,0
GTGCCTGAGCCGAA,1
GGGCGGCGGGACGG,1
GGGGAGGGCAGAGG,1
GTCTCAGCACACAC,1
AACACATGCACATC,0
CACGTTTGTGTGCA,0
AACTTATGAGTATA,0
TGTGGCAGCACTCG,0
GAACTAATATTTGA,0
CTTTCACTGAGAGC,0
CCGGGGGCGGGGTG,1
CTGCTGACTGGTCA,1
CTTGGTTGGAGGTG,0
GGGGGCGGGGCCGG,1
AGCCGCGGCCCCAG,1
GAGGGGCCTGGGAA,0
CTCCGGCCCGCCCC,1
ATCTGCTGGCACCC,0
TCCGGGGCTTTGTG,1
CACAGATTAAGCTC,1
ACTCACTGGAAGGA,0
CATGTTCTTTGGGG,0
CAAATGGCAAGAGT,0
TTTTTTGGATATTT,0
GGGGCGGGGCGGGG,1
CCCGCTGTCTTTCT,0
GCGCGCGCGCTCTC,1
GCGCGCTCCCTTCT,1
CGGGGGCGGGGCCT,1
ATTGGTGTATAAGA,0
AGGTCTTCAGGCAC,1
AGGCCGCGGCGACA,1
AGGGAGGAGCCACG,1
TGATGGAGTGAGAT,0
TTTAGAATTAAGAT,0
GAGGCCGGCAGCGC,1
CCTGTCTGGGCCTC,1
GATAATTTTTGAAT,0
CCTGGCTCAAGCCA,0
TCGTTTATTTATTT,0
TTCCTGCGGGGGGG,1
TTAAAATTCCCTTT,0
GCGACACCGCCCCG,1
GATAGGCACGCGGG,1
CTCCAGCCCGGAGA,1
AGATAGAGATATAT,0
ACCCCTCCCGCGGT,1
TCCAGCAAACTCCA,0
GTTCTTTCTGTTCT,0
TCATAGACCCAGGA,0
ACTGAGGAACTTTG,1
CGCACCGCACGATA,1
ATTTTGAAGCAATA,0
GATGTCTGTGACAC,0
AGCACTTTGGGAGG,0
GGGCGCGGGCTTGG,1
GCGCGCAGAAAAGC,1
GCTGAGATGGAGAA,1
GGGGCGGGGCCGGG,1
GCGCGCTCGCGAGC,1
TAGACTTTATCAAC,0
TAGTAAACTTTTGT,0
CTCTAGCCGCGAGA,1
CAACAAAAAAAACT,0
CCAATGGGCTGCAG,1
GCGCAGGGTGGACC,1
GGGTCTGGGGCGCA,1
GCTGTCCGGCCCCG,1
TTACAGGGAGGCAT,0
GCTTTGAGACTAGT,0
CCCGGGGGCCCGAG,1
TATTAATTATTTGT,0
GAGGCAGGGCGCGG,1
TCATAAGCAGACTT,0
GCGAGCTAGCGGGT,1
CTGCAGCCGCGCCG,1
AGGGCTGAGGCTAA,0
GCGCCGCAGTCGGC,1
CTATACTTATTCAC,0
GCCAGTAGAGTAGA,0
AGAATGTTGCAGCC,0
GGCGGGGGATGCGG,1
CGGCGCAGCAAAGG,1
CCTCCGCTCCGCGC,1
GCGGAGCTCCGCCC,1
GCGGGAGGCGGGAG,1
CTCGCCGCAGATAT,1
TAATTTTTTGTATT,0
AATATGTCACCAGG,0
GAGGGCGGTTGCGG,1
TGCCATGGATGCCA,0
AGGCGGGGCTCTTC,1
AAACCCGGGTTCTC,0
CACCCCGCCCCGCG,1
GGCTGCGGAAGGCG,1
CATACACAATTTGA,0
CATTGAGAGCGGAG,1
GGCGGGGGGCACTT,1
CTTACTTTTTTTCT,0
TATTCTCTTGAATT,0
TGAGCTAAGGCAGC,0
AAAAAAATACTCAG,0
AGACTGAAGCTCCA,0
GACCTATCAACATT,0
GAGGTGAGGGGCGG,1
AAACATAACACCTC,0
AGGAGAAGGGAAGG,1
TCAAACCCAGCTCT,1
GCATCTGAGACAGG,0
CGGTGAGCTGAGAT,0
TGGTATGGTATGGT,0
CCCAGGGCGGGGAA,1
CGCTTGAACCCAGG,0
GCCGCTCCCTTCCC,1
AGGGTAAAGCACCA,0
CGGGGCCGCGCTCG,1
TTGGGCCCTCCTGG,1
GGAGGAGGGGCGAG,1
TATACATCCACTTA,0
ACACACAAACACAC,0
GCGGGCTTTACGGC,1
GGGCATAGTCCCAG,0
CGGCGAGGAGGCGG,1
CAGAAAATGCCGGA,0
TGTCGGCGTCGGCG,1
GTCAGACGCTTTAG,1
TGAGGAGATCTCCA,0
CAACGCGAGGGTGG,1
GGTGACCAGAGGCT,0
AGGTTAATGAACTG,0
GCGCGCCCGGGACC,1
TTAAGTGTAAAAAA,0
CATGTCAACCATTC,0
CTCAATGGGTATTT,0
GCCTGCCACTTCCT,1
GACGGGAGCGCGCC,1
GGTGCCGGGGCGGG,1
TTTTAATTACATAT,0
GCATGTGTTTCCCC,0
TACTAACTCACTCT,0
ACATAGTCATGGTC,0
CTTAACTCATCCCA,0
TTATTTGTCTATTT,0
CAATGCACATTAGA,0
CTCATCTTGAATTG,0
AAATTTATTCATAA,0
GCCAACTTTAGGAA,0
AACCACAGCTCAAA,0
GGGGCGCCTCCGGG,1
GGCCACTTACCGCG,1
AGTAATCTTGCCTC,0
ACTATTCCACCAGA,0
TTGGCCAGAGCCCG,1
GCCGCTGCTATGCT,1
CTCCTGCTGCTGCT,1
GGGCGGGGTGGTGC,1
CTGGGCGGTGCCGG,1
CCTAACTAGAAGCT,0
CAGTCAGGACCTAA,0
GGCCATAAGTGAAA,0
TTTATAGAAAAAGT,0
TAGACATTTCCCAA,0
GACGGGGCGCTGCG,1
AAAAAAAAAAAAGA,0
CCCACCCATGTACG,0
CGGGACTTCCTCTC,1
ACCATTACTTCTGA,0
AGAGCAAAACAAAA,0
TCCCAGCATGCTCA,0
AATGATGAGTTAAT,0
CAACAAAAAATTGG,0
ACACAGGGTCTTAC,0
TATTTATCCTGGAT,0
TATTTTAATGAGGT,0
AGAAGACAGGCGAG,0
TCTGGAGCCGCAGG,1
CAGACAAAAGCTCA,0
GCGCGCGTGGGCGT,1
GCCGGGCGGAGCCG,1
TGACCCAAGTTCAG,0
GGCACGAGGCCGAG,1
GGCGGGGCCGGGGC,1
GAAGCTTTGTTTAG,1
TGCCCAGGCTAGAG,0
AGTTCTCCAAAGGG,1
GGAGGGGCCGGGGG,1
AGACTAGATGCATT,0
GGTTATCGCGGGAA,1
GAGGCAGGGCGCGG,1
TAGTCCCAAACTCC,0
GATTATAAATTCTA,0
CTGCCAGAAGGAAC,0
TACCATCCATAATG,0
ACAAAAATTAGCCG,0
ACTTATTTACTGCT,0
GAGGAGGAGGAGGG,1
GGCAGCGGAGGCGG,1
GCCCCACCTCTGAA,0
CCTGCTCCCCCTCG,1
AACAAAATTTGAGA,0
ACTCCGGAGGTAGG,0
GTGATTCCTAAATA,0
GCCCCCGCGGCGGG,1
GCGACCCTGCGTCC,1
GGATTACAGGCGTA,0
AAAGACAGAAAGTA,0
CCCGCCCCCAACCC,1
ATGAGGGGAGTGAA,1
GCGGGCACTAGAAT,1
GCATAGTCCTTATT,0
GGGCACTGGGGCCA,1
ATTAGGTCAGCGCT,1
GTTTCATAAAGAAA,0
CCCGAAAGGGGGCG,1
GGGTCCAGGGGGCG,1
CGCGGACTACAAGT,1
TATTTGATGAATGA,0
TCGCGCGCCGGCTG,1
TCTTCCTTGGCTTC,0
GGTGCCGGGGCGGG,1
GGTAGGATTAGATC,1
GGAGCCAGGAGGGT,1
GATTGTAGGTGTGA,0
TGCTCCGCCCCCCG,1
ATATTTCCAGAGGC,0
CCGCGCTCACTTCC,1
TTTAACATGAGCTA,0
GCCGGCCGCGCAGG,1
GAGCTTTCTAGTGG,0
TTGAACCTTACTAA,0
AGTTGTCATAATTA,0
CGTGGAGGGGCGGG,1
CCATTTTTTTCCCC,0
ACATACATACATAC,0
TCAAGTTTTGAGAG,0
GCGGGGCGCCCCCG,1
ACAAGCGGGGGTAT,1
GTCAAGTGAAGGAA,0
AGTGATGTCAATGT,0
GGCGGAGCCGGGGG,1
GAAAACAAAGGCGG,1
ACGGTCGTAGCTGT,0
TTCACAAACTCTGT,0
TTATGAGTGAGAAC,0
GCTTGATTCAATAA,0
GATTTGAAAAATGA,0
ATTTGAGATTCAGC,0
TTATGAATACATGT,0
GGCGGGAGGGGCCG,1
ATTATGTTTTGTAA,0
TGATCAGCCTGGGC,0
TTTGCATATTAGAG,0
AGAGGAAACGGCTC,0
ATGGTGATTCTGAC,1
CCCATTGTTTTCCT,0
AGGTGAAGCAGAGT,0
TGCCCTCAAAGCTG,1
AGGCGTGAGCCACT,0
GTGGGAAGATGGCG,1
CTGGGCGGTGCCGG,1
TCGCGCCACTGTAC,0
GTCTAACCAGATAA,0
GCCTGAGGCCCGGG,1
TCCATTATATGTAT,0
GCGGGGCGGGACTC,1
GGAGGCGGGGCCTG,1
CTTGGGCGTGGGGG,1
TGCGGAGTCAGGCG,1
CAACACACACCTGA,0
GGGGCGGGGCTGAG,1
ATATGGGCGCGGGG,1
GCTCTGGAAGGATC,0
GTGCGAGGGTGATA,1
ACTGGGTATATACC,0
GCTCCACCGAGCTG,1
GGGGTTTATCTTCT,1
GCGGGGGGGATGGG,1
TACCCAGGGGAGGA,1
CCTCAAGTTACAGT,0
GCTTCTCCAGGGGG,1
GGAGGAGGGGCGAG,1
CGGGGGGCGGAGCA,1
GCAGTACAGGAGCA,0
AAATCTTGTGTACT,0
AGTAACTTAGCAAG,0
CCTGGTAGACATTC,0
TGAAGCCACTTTAC,0
AGGGGCGGGGTCGG,1
GCGGCGGGGGCGGA,1
GAGGGGGCGGAGCG,1
CCCCTTCTTATGCT,0
ATTTAAACATAAAT,0
AACGAGATTAAAGA,0
GTGTCTCGCCGCGC,1
CACAAAAGGACAAA,0
TGGCGGGGCGGGGG,1
GCAGCAAAGGGCTG,0
AGGTGCCATCTTCC,0
CGCGGTCGCTGGAA,1
GACCGGGGGGAGGG,1
AGGCCGGCGGGGAG,1
CACCCGGTCGCCAC,0
AAATATATGCAATT,0
CTGTTGCCCAGACT,0
CATAAGATTCTTAG,0
TATTTTTCTTAGGA,0
CCCGCGCGGCGGCG,1
GAAGGGGGCGGGAC,1
TCCTACCCCAACCT,1
CCCCCCTCCCGGGG,1
GCGGGAGGCGGCGG,1
AACTTTCTCTTTTC,0
TTCGACTGAGCAAG,1
GTGGGGCCGGCCGC,1
TGCGAAGCCCGAAA,1
TATATAATTTTTAT,0
GCCGGCAGAGGTGG,1
GGGCGCCCGCGTCG,1
TGCTTTATTTACCT,0
GGGGTGGGGCCGCC,1
GCGCCCTTCGACCA,1
CTTGAAGACATCAA,0
CCGAGAACGCGGAA,1
GAGGCAGGGCGCGG,1
GGAGGGCGCGGTCT,1
GCGCGCTTGGCGGC,1
AAACTCCAATATCC,0
ACAGCCAGGTCGCT,0
ACTAGAGTACAAAC,0
GTGAGCCATGATCA,0
CCCGAAAACAGGAC,1
GGTAATTACAAATG,0
TATTTTTATTGCTA,0
TTTTGGCCAGGCTG,0
GGGGTGGGCGGGCA,1
TGTCTATTAGGCCT,0
CCTTCATCAGCAGA,0
CACGCGCACAGCCG,1
GACTCAACACATGC,1
GGGAGAGAGAGAAA,0
TTGGCAAAGCCGAG,1
CCATTGCAAGATTT,0
AGCCGCGGCGCCCC,1
CCCGTGCGGACACT,0
TCCAACTCGGAAGC,1
AGCTAATACATTAC,0
GGGGCGGGGGTGGC,1
GCGGGGCGGGGCGC,1
GGTGCTCTCCGTCG,1
TTAGCTCTGGAAAG,0
AGGGGGCGGTGGGG,1
GGCCTGTCGGGAAA,1
AGGCTGGGTGCGGT,0
TGCCTAAGATTTTC,0
GTGTGAGCCACTGT,0
TTAGTAACATGTAA,0
GTGCACAGCCCAGG,0
GCGGAGCGTGTTCT,1
ATGGAGGAGATTGT,0
TTCCCCCCACCCCA,0
GGATTTCTTATTTG,0
GGGGCGCGCCAGGA,1
TTTCTAGTAACTTA,0
GGGTCTGGGGCGCA,1
GGCTGCGGGGCGGG,1
GCGGCCGAGCTTCA,1
TCCAGGGGCCCCCA,0
ACCATCGCGGAGGT,1
ATCCCTAAGTACCT,0
CGCAGAGAGGGCGG,1
CGGGCGCTCCCTTG,1
GGCATGGGGACTTG,0
GGGCGGGGCCTGGG,1
TGAAGTACCCGGTG,0
TCTTAAATAATTCT,0
TACTCGGGAGGCTG,0
ATTCTTTGCAAGTT,0
GTTAGTTTTTCAAT,0
AGGGCAGCCAATCA,1
CGGCGGGGCGGGGC,1
CGTCGCACCCTCAA,0
GGGACCGGGCGGGC,1
CTCGCTCGCTCGCT,1
CATGGCTGGGGAGG,0
CGGGCTGGAGGGCG,1
CATACCTGGCTAAT,0
GTTTTCAGCTTGAA,0
AAGTTAGGGGAGAC,1
GGAGATGGAAGAAC,0
GGGGCAGAGGCGCT,0
AGGATATTTTCCAG,0
AGGGGAGGGGGACA,1
CCGGGCCGGGGCCG,1
CAGCAGCTCAAGTT,1
TGGCTAATCAGGAA,0
GGGCGGCGGCGGCG,1
TTACAATAGCTACA,0
CAGGCGTGAGCCTC,0
CCGGATCAGGCCAC,1
GCGGGGCGGGCCGA,1
CTGCAGCCGCGCCG,1
GAGAGGAGGGGTGT,1
GGTCCCGGGCGCGC,1
CAGCATTTCAGGAT,0
TGTTAGCCAGGGTG,0
TACGGTCTTCAAGC,1
CGGCCCCGCCCCCG,1
GGGGCGGAGGCTCA,1
CCCGGGGGGGCGGG,1
TCAGCCCAATACAA,0
TTAAGGTAGTGAAC,0
AATTTTATGAGGTA,0
AGGGGTGGGGCGGG,1
ACAGCATCAGACCT,0
ACGGCGGCGAGCGC,1
GCTTCTGGAACATG,0
CACGGTCCGTCTGC,1
CCAAGCAACACCGG,1
AAGGAATTTTAAGA,0
CACGCAACAGGCTT,1
CTGTTTGCTTTAAG,0
CTCATGCTGAGAGT,0
GACTTGGGGCTGCA,0
TCCATCCCCCGGCC,0
GGCTCGGAGCCTCC,1
GGTTCCTGCGCGCG,1
ATGAATAACGAAAG,0
GCGGGGCGGCGGCG,1
GTTCTCCATGGTCT,0
TCAGTGTAGGGAAA,0
TGGGCTGCGGCACC,1
AATTGCAAGATGGT,0
GGCTTCCGGTTTCC,1
GCTGCTTTTAAAGT,0
AAAAATTTTTTAAG,0
GGGCTGAGGGAGGG,1
AACAGTGGTGCACT,1
GCTCAGAGAATGTT,0
GGGGGGAGGGGCAG,1
TTTGCCCTCCCCCT,1
CGCTGTAGCAGTGA,1
GAGAACAGGTGTCC,1
GAGACGACTCCGCC,1
CCTCAGAAGCCGAC,1
TTCCTATACACCAA,0
GCTGCCGGTGCCAT,0
CCTGGCCACGCGCC,1
TGAAAATTTCAAAA,0
GAGTCACAATGTTA,0
ATTTTTTTTTTTTT,0
TTAGGGGACTGATA,0
AAACGATAAAGGAA,0
CAGAAATCCCAGCT,0
GAATAGGTGCTATA,0
GGGCGGGGCCAGCC,1
AGGACTGAAGTTTT,0
CGCCCAGGGCAGTG,1
CAGTGGCTCACACC,0
GCGGAGCGAGCGCC,0
AGATGGTATTGAAA,0
CGGCGAGGAGGCGG,1
CGGGGCCGGCCCCC,1
TCTCTCAGCCCGTG,1
GGAGAGCGGGCGGC,1
GGTGAGGGGCCATG,1
AGCCCCTGTCTTGC,0
TGATGTCATGTTTT,0
AACACTTAAAATAT,0
AAGATCCCTTTTGT,1
TTCCGCAGAAAGCA,1
TATTCCCCTTCCTG,0
GGGGTTTCACCATG,0
CAGTTCACCTAATA,1
AAGTTCTTTACAGA,1
GTGTGGGAGGGGGA,1
CCCCCCTACCCCCT,1
GAAAAAGTACAAAA,0
GCGGGGGCGTCGTG,1
GCTGGCGGGGAGAG,1
GAGGAGCCGCGGCT,0
TTCAGCATCACAGT,0
AGAAGGAGGGAGGG,1
ATCTTAGGCCCTAT,0
CACCGGCCTCTTAG,0
AGATTTTGTTTAAA,0
TCCCTATAATCCCT,0
CCCCATCAGTTGTT,0
AACATGACAAATCT,0
CTAAACTAATTTGT,0
TGGGATCTGAGTGA,0
TAAAATGTACACAA,0
GACACGCCTCCCCC,1
ACTCCGCCCCCGCA,1
CTGCAGGTGAGGGT,0
GCCCCTCCCTGCCT,0
CGTTAAAAAGTCAG,0
CTGAGCAGGGCGGG,1
CCCCTGGAGGCACA,1
TTCTTCTTTGCAGT,0
TCCAGGCGAGAGTC,0
CCAGAAACTTATGA,1
GGGGCGGGGCAGCG,1
AGGGGGCGCCAGCC,1
CGGAGCGCGCGCGA,1
GTTTTTTTTTCATT,0
CCCGTTTGTCTGAA,1
AAGGAAGAACCCAG,0
GCGGCGGGCGGCGG,1
TCATCACACTTCGC,0
AGGGAGGCTGAGGA,1
GCTCGCCGCACAAA,1
GCGTCGAAGGCAGT,1
ACACATAAAAACAT,0
GGAGCGGGAGCGGG,1
TTGTAGTGAAAGAT,0
AGGAGGGCGGGAGA,1
TTTTTCCTTAAACA,0
ATCCCCGCCCTCCG,1
CACAGATTAAGCTC,1
ACCGGAACGAGTCA,1
CCATCAGGCCGACC,1
AAGTGTATTTTCCC,0
TGGGATTACAGGCG,0
GCGCGGGGCGGGGC,1
GGAGCGGCCGGAGA,1
ATCCCGCCCACGGG,1
GTGGTGATTCCTCA,0
CCCTCTCACATCTC,0
TGTGCCAACGTGCC,0
AAGGGGCAGTGCCG,1
GCCTACAGACAACC,1
CTTCAACAAACCAA,0
TGACTTTGGATTAA,0
ACTCTTGGAGCCCG,0
GCGGCCAGATGGGG,1
GGGAGGCGTGGCGC,1
GATCTTCCAGATTG,0
GGGCCTCGGAGCTT,1
GAGGGGCGGGGCCG,1
GGTAGAGGGGGAAA,0
ATGACTAGCTGTTT,0
CGTTGTTTCGGCGC,1
GCCGGGGCGGGCGG,1
TTGTTCCTAATGAG,0
AGCCACCATGCTAG,0
AGCCACCTCGGCGG,1
ACCTGAAGGTCTAC,0
TGTGACACCGCACA,0
CGGCTCCCGCGGCC,1
GGGCGCCGGGTCCG,1
GTTGCAGCTGAAAG,0
GCTAGAACCCTGGC,0
CGCGCCCGGCTTTC,1
GAAAACATTTTCAG,0
TGTTTTCGTATTTT,0
GCTGGGACTACAGG,0
TACATAGTGATGCC,0
GTGCCAGTAACTAG,0
TGCAACAGGATCTC,0
AGGTAGAGAGTCCC,0
GGCGGGATTAAGGT,1
GTGCGGGGGTGGGG,1
GCATTTCTCTAACG,0
CCGCGCCGGGTCCG,1
GGGGTTGGCGGTGC,1
AATAAATCATGCAG,0
GTCATAGATGGCTC,0
GGATGCGTGCGCGT,1
TCCTGATTTTCCAC,0
GTTGGGCCGAAACA,1
CGCTGCATGGTGGC,0
GCGCCCCGCAGGGG,1
GCTCTGCGGGGAGG,1
AGCATAGCAGCGGC,1
GGTCGGCGTTACCC,1
GGCACGAGGCCGAG,1
GCTCCGCCGACCCG,1
ACCATGCCCGGCTT,0
TGATGGGACCGTTT,0
TTTAACATCTAATT,0
GGACTGGCGGGCGG,1
TCCTCCCCACTAAC,0
GGCACAATCTCAGC,0
ATTAGTTCAGAAAC,0
TGAAGAGAAGGTGA,0
CACAATCACACACA,0
AGATGTTTGCAAGT,0
CCCAGGCGGGGGGA,1
ATTTCTCATTCTGG,0
AGTTGTCACCCGAC,0
GCCGCGGGGGACCC,1
CCGCCCCGCCCCGC,1
AGGAAGGCGGGAAG,1
AGGTGGCTTTCCCC,0
TCTGCAGAAAAACC,1
GCGGGGCGGGGCGG,1
GGCGGGGCTTACCT,1
ACGGCGGCGAGCGC,1
AAAAAACAATTAAG,0
GCAAGCCACTGAGT,0
CCCAGTGCGGCGCG,1
CTGGGACTACAGGT,0
GCTCTGTCCTCCAT,1
TTGGAGACCAGCTT,0
GGGCCGAGAGGCGT,1
CAGTCATAGCTGAT,0
TAAATTAATTGAAA,0
GCGGGGCTGCGCGG,1
CTTGTAGGAGTAAG,0
AGAGCCCGGGGCGG,1
GGAGGGAGGAGAGA,1
GCGGCGGGCGGCGG,1
GCGGACCTGTAAGA,1
TAGGTCAAATTGGT,0
GAGGCAGGAGAATC,0
CGAGGGAGGCTTCG,1
GCGGCGGGTGCGGG,1
AGGGGCGGGCGTAG,1
GAATCCAAGTTTCC,0
TTTAGTAGAAACGG,0
GCGCGGCGAGGAGA,1
CAAATGCCCACCTA,0
TCTCTGAGCAGAGG,1
GGGGCGGCGCCAGG,1
GCGCGCGTGGGCGT,1
AAATGGTGGGTGGG,1
TTCACCTCACGTGA,1
GAGTATGTAGTGAG,0
TGCCCGCGAGCCGG,1
GCCGGGCGGAGCCG,1
GTCAGACTCGGGGG,1
GAGAGGGGGCCCGT,1
CGGGGCGGGGACTC,1
AAATGACATATCCT,0
AGCGGCGAGTGGGA,1
AGCTCGGGGTAGGA,1
TCCTCTTCCCTTTC,0
CAGCTGTGATACAT,0
ATGATATAACATAT,0
GTGGGCGGGGTTTC,1
AAGTTAGGGGAGAC,1
GCCCCGGGGGCGGG,1
AGAGACACTGTGGC,0
GGCGGGTCGGCGGG,1
ATTACTTTTTCAGC,0
GAATGACAGTCTTT,0
GGCCGCGGCGAGCC,1
GTTGCTCCGGTAAC,1
GCGGCGCCTCCAGG,1
CATGAGAACTGCAT,0
AAACAAGAGCCCAG,0
CCTTCCTTTGCAGC,0
CGGGGCAGGAAGGG,1
GCGAGACGAAGATG,1
GAGGCAGCATATGT,0
ACCGCCGCGTCCGC,1
CTTCATCCCTCCAG,0
CCAGCCTGAACCGG,1
TTATTACTATTACT,0
GAGGAACGCCACTA,0
CGGGGAGGGGGTGG,1
GGAGCTGAGCTCCT,0
TTGGGCAAAATTAC,0
GCCGGGCTCGCAGG,1
CATAAGAAAGATTA,0
GTGGGCGGAGGGAA,1
GAGTCTGCATGAAC,0
AGCGCCGCGGCGCC,1
CTCTGGCGGGCGGG,1
TAATCACCCACTAA,0
CTGCACTCGGTCCT,1
ATGGAATCATGTTG,0
AAAAGCTGGGCATG,0
TTTTCTGACATGAC,0
ATTAGTCCTTAATA,0
TGGGCTGAGGGGAG,1
GACTCCCGATTGGC,1
CTGCAGCCGCGCCG,1
GGGCGGGGCCGGGC,1
TCCGCCATCTTGCC,1
GGGGGCAGGGGCAT,0
CCCTGAGGACCCAG,1
AGTGAAAGTGTCCT,0
GTGTTTACAGGGGA,0
ATTCTCGTTTATGG,0
TTTTTTATTATTAT,0
TGCGGCGGGAGGCC,1
TATTCTTGGCAACC,0
AAGATATGCCAATG,0
ACACATGTGAGCCA,0
TGAGTCTTTGACAT,0
TTAAGTAATTCAAA,0
GAGTGGTGGGGGCG,1
AAAATCTTGAATAA,0
TAGTTTATTTATAT,0
GCGAGACGAAGATG,1
GCAGCCCACTGCGA,1
CGAGGGCAGCGCTG,1
TCCGTTGCGCGCCT,1
AATCAAAAGGGTAC,0
TAGTCCCAGCTACT,0
TAGAAGCCAGGGGA,1
GCGCGCGGGGGACA,1
GGGTGGCTGGCGGT,1
AGGCGGGACAGTCC,0
CTCCGGAGGGCACG,1
GGAGGTAACTTGGC,0
AACGGGAGCTGTGC,1
ACTCCAGCCTGGGC,0
CGGCTAGCCGCGCG,1
AAAGTAGGAAGTCT,0
TATACCTTTATTAT,0
GAAAACAAAGGCGG,1
GCGGTGGCGCTCCT,1
TGAATAATTCTGTT,0
CCAGGGAGGAGGCG,0
CCCCCGCGCGGCCT,1
GGAGGGGTGTCCCC,1
CCTCCGGCACCGGC,1
CCAGCACGCGGCAA,1
GGCCGGCGGGAGGC,1
GCCGCCGCCGCCTC,1
GTCTAGGAGTGCGC,1
GTTCAACATACGCA,0
CAAGGTCCAGGAGG,1
GACTTTAGAGGAGG,1
TGGCCTCACTGCAC,1
GGCGGTGGAGGCTC,1
TCCTGGGCCCTACA,1
CGAGGAAACTAACT,1
GAGGGGCCGGGAGC,1
ACAAATCTAAACGC,0
TCTGAGCCCTCCAA,0
AGGACGCGTGTCGT,0
AGGCTCTGAGAAAA,0
AGGCCGCGGCGACA,1
CTGGGCGGTGCCGG,1
GGGCGGGCCCGGGC,1
TAGGCATGGTGGTA,0
AGAGTGGAGGGAGC,1
CAACTCCGGAGGCG,1
GAGTCATTTGTCCA,0
CATAAATTTCCTCT,0
GGAGGGGAAGGAGA,1
GGACAGGAGGCGGC,1
GGGGCCGCGCGGCG,1
CAGTTGGATGTCTT,0
GGCTTTTCGGGCTA,1
CTCGCGGCTTGAGG,1
AGGGGGAGGGCAAA,1
TATAAGGAGAAGGT,0
CGGGGCCGCCGAGG,1
CCCTGCTCTGCCTG,1
GGCCTCTGCGAGCT,1
TCAGACTATAGTGG,0
TGTAAGTTCTGAAA,0
ACACCCGGCCCCGA,1
GGGGGCGGGCGCGA,1
GTCTCACTCTGTCA,0
AGGTTATCCTTAGT,0
CAGGCTAGTCTTGA,0
GGGAGGCCCGGGCA,1
GATTTGAGGGTCTT,0
GATCAACAAAATTG,0
AGGTGAAGAATTCT,0
AAGACGTGATTCGC,0
TCTTACATTTATTT,0
GGCCGGAGGCGCAG,1
GAGGGAGAGAAAGA,1
TTTGCCTTTTCCAG,0
TTAACATCATTGCA,0
ATGAAGGATAACTT,0
GAAGCTTTGTTTAG,1
GAGCCAGACATGGT,0
CCTGGCCACGCGCC,1
AGCGGAGACGCTGG,1
TCTCAGGTTTAGCC,0
GGAATAGGAACAAT,0
TACAAAAGAGGAGG,0
AAGGCTGCTAATAA,0
CTATATAAGACGAG,1
AAATTTTTTTTCAT,0
GGAGGAGGGGCAGT,1
CGGGCCGGAGTGGG,1
GGGGAGGAGCGCGG,1
GAGTGTGTGTGAGC,1
TAACGCAGCGCTGG,1
GGGGGGCGGGCCCG,1
CGCGCGCGGGCGAG,1
TACTGCAGGGGGCG,1
CAAGGAGTAGGGCG,1
GGGGCCAACAGTGG,1
ACTCCATTCTTATT,0
ACTACAGGCACGTG,0
TTGCGTTGGGATGG,1
TGTATGTTTATTGC,0
TCTCATGTGGCCCA,0
CCATGCCCGGCAAT,0
GTAAGCCTTAATGA,0
CACCTGACTCAGAG,1
TATGTCAAGTACTC,0
GCTGATACCGAGAG,1
GCGGGGGCGTTGCT,1
GAGAGTGAAGTTTC,0
ATTCATTAGCTGAG,0
TTTATTGAACCATA,0
GCAGGGCGGGGGGC,1
GTGGGTGGTGCATG,1
GAGGGGGCGGAGCG,1
AGCAGTGAGGGTAC,1
TTGAGGCTAGGAGT,0
CCCATGATCTAAAA,0
GGAGGCGGGGCCTG,1
GCCCGCGGGCACCT,1
CGTCTTACATGGTA,0
AGTATGGAGAGCGG,1
CAATTGTTAAGCAT,0
CGGTGCTAAAAGCA,1
GGAGGGCGCGGTCT,1
GAGGGAGAGGCGGG,1
GCGCCTCACGCAGT,1
CGGCTTCCGGCAAC,1
TCGGGCGCCTGCGA,1
GCTGATACCGAGAG,1
CTTCCATTAAAAGA,0
TTGTGTTTCTCTTT,0
TCATTTCTTTTATG,0
GGACCAGGGATGGG,1
TTGAAGCATAAGGG,1
TCGCAGTCCTGGGG,1
TTCTGAATATTTTG,0
GTGGCGGGACCGCC,1
CAAGGTTGCTCAGC,0
TGAGCCGGCGCCCG,1
GCTGGGCGGCTCCG,1
GGCGCTGTGGTGTA,0
AGCACTTTGTATAT,0
GCATTTATTACCAT,0
GTCAGGGGCGGGGC,1
ATTTCACACCTAGG,0
GGGGCGGGGCGGGG,1
GTGGGCGGTGCAGG,0
CGCGGGGCGGGGTG,1
GGACGGGCGGCGGG,1
CAGGCTGGAGTGCC,0
AGAGGGGCGGGGTC,1
CCGCTCTCCGCTCC,1
GTGGGCAGGACCTC,1
TTAGATGTTCTGGG,0
TCATTTATCACAGG,0
AACTAAGTTAGAGC,0
AAAGAATAAAATGT,0
AAAGTTTCACTTTG,0
GCGGAGCCTCGGGC,1
GCGATGTTCCCACC,0
CGAGGGCCGGGGGA,1
TGCCAGGTGGAGCC,0
AATTAAGCAAGTAT,0
AGATAGAGAACTCA,0
CGGCGGAACTACAG,1
GGCGGGAAGGCGGC,1
GTTGGCAGCTGGCG,1
TAACCGGAGAGAGC,1
GTTAAAAATGATGC,0
CACCAGCAGAAGGC,0
GTCCCGGCGTGCCG,1
TAGAAGCCAGGGGA,1
AGGTCTTCAGGCAC,1
TGCGAGGCCCGAGA,1
TGTTCACTCAATCA,0
TCTGTAAAGAACTT,1
TTGAGCCTCTGGAT,0
TCAGCCCCGGCCTC,1
GGCGGGGGCGGGGC,1
CGGCCTAGTTACCA,1
TGACGAGTTAGTGG,0
GTGCCTGAGCCGAA,1
ATGTTTCCCTAGGT,0
ATCTCTCTGGCTCC,0
TAGAAGCCAGGGGA,1
CCGGATACCTTCAG,1
TCCGCGGCGAGGGC,1
GTAAAAACCCCATC,0
GGCCTGTCGGGAAA,1
CAAAAGCAGAAGGT,1
GCGGCCGAGGCGCC,1
CATTAAGACACTAG,0
TGCCCTGTCTGGTA,0
ATTCCATTAAATAA,0
GGCTTAGGGAGCGG,1
TTCCGCCGCCTCAC,1
GACATAATGCAGTA,0
TTATCACTCATTTA,0
TGGTGCATGCCTGT,0
CGGGCTCCGTTCTG,1
GGCGTGTTCAAGAC,0
GTACTGTGGGGTAT,1
GACGGGCGGGCGCT,1
CACCTCCCGGGTTC,0
GCACGTGGGGCCTG,1
AATTCAGGAGTTTG,0
AATATAACGTATCA,0
AGGTGAGAGACAGA,0
GGCTAGAGTGCAGT,0
GGTGCGGCGAGCGG,1
GCTCCCCGGTGCTG,1
TTCAAATCCTAGTT,0
TCTCAGACCACAGT,0
CAGCCCCCGCGGCG,1
CGTGGAGGGGCGGG,1
GCCGGGCGCTGGGC,1
GGCCCCGCCAATAC,1
GGTGCTCAGGGAGG,1
CGGCCCCGAGCGGC,1
AAGGGGCAGTGCCG,1
AGCAAGAACAGCAC,1
TCTATTTTCTTACT,0
TGCGAATCTGTGGT,0
TCAGTGGCCAGTAA,0
GCGCGGTAGTGGGG,1
GGCTCTGGTTCTGA,0
GAGGGCCACCATCC,0
CAATACTGATTATT,0
CTAATTCAAAACCT,0
GATCATGCCACTGC,0
GCGCGGTAGTGGGG,1
CCATGTATCAAAAT,0
CACTTGATTTAAAT,0
TGGCCCGTTGCGTC,1
TGTTGCCATGTTAA,0
CGTGGATGCAGCTG,0
GGGAGGGGCGCCGC,1
GGCCCCCTCCCCCG,1
GTATGCACTGACAG,0
CTCCAGTCCCAGCG,1
CGCACCGTGATTGG,1
TAGGAGACAGGTAT,0
CCCTCCCTTCGTTC,1
CAGGAGTTCAAGAC,0
CCAGCCTTCTTGGA,0
TGCCTGTAATCCCA,0
ATAATTTTACAAAG,0
GAGGAATTGGGAGA,0
TAAGCAATTCCGCT,0
TGATAGGATAAGCA,0
GGTGGGGCCGGCGG,1
TATTCACTTTAAAA,0
AATGTGTCTGGACT,0
CGTGGTGGCGGGCG,1
ATGTTCTCTTTATT,0
TCTTTTTCCCTACC,0
CAGTGATTTACAAC,0
TGAACGAGGGAAGA,0
GAACTCAGTGAGGG,1
AACCCTGTCAATGC,0
TGAGCCTTGGGATG,0
GGGGGCAGGGACTG,1
GGTGCAGACCCAGG,1
TGTTCTTGCTCAGT,0
AGGTGGCGGCGGCC,1
AAATCCAACAGATC,0
GACTCAAAAGGCCC,0
AACACATACTAGCC,0
TCCGCGCCCGGGCG,1
AGTGGCTTCCAGAG,1
GAGGGGCCTCGCCG,0
TGGCGGGGCGGGGG,1
GTTTCTTCCCTCCT,1
TCGGAAATAGCAGT,0
GGGCGAGGGGGCGG,1
ACTTGTAATCCCAG,0
ACTGGGCAATTTAC,0
GCCGGGGGAGGAGC,1
AGCCCAGGAGTTTG,0
CCGCAGGGGCTGGG,1
CGGGAAGGATCCAC,1
CCGCCCGCCTGTTT,1
ACTCACGGTTCCAC,0